<?xml version="1.0" encoding="UTF-8" standalone="yes"?>
<addon id="script.module.kani6l" name="[COLOR orchid]Kani6l MODULE[/COLOR]" version="1.1.7" provider-name="jude1337">
    <requires>
        <!--<import addon="xbmc.python" version="2.25.0" />-->
        <import addon="script.module.beautifulsoup4"/>
    </requires>
    <extension point="xbmc.python.module" library="lib" />
    <extension point="xbmc.addon.metadata">
        <summary lang="en">Kani6l is a team of individuals that does what it can to provide others, you the best in entertainment.</summary>
        <description lang="en">Say what you want about Yemen, but they are not shy about prescriptions.</description>
        <platform>all</platform>
        <license>GNU GENERAL PUBLIC LICENSE. Version 3, 29 June 2007</license>
        <disclaimer lang="en">The author of this addon do not host any of the content which is found and have no affiliation with any of the content providers. This addon simply searches websites for content. Use at your own risk!</disclaimer>
        <assets>
            <icon>icon.png</icon>
            <fanart>fanart.jpg</fanart>
        </assets>
    </extension>
</addon>
